y_test,y_pred
60.41,60.57359604910694
59.52,60.01356477290553
60.86,60.906755661745876
62.44,62.043961198961625
62.46,61.97637618666724
61.93,61.77379049583382
60.27,60.09882884868967
59.66,61.32914668458877
58.88,59.48752423734482
57.0,58.247650066295385
60.5,60.20614642886387
61.17,60.543060537111174
60.47,60.44507302299565
60.92,60.54827798454447
63.22,63.153218809289456
58.18,58.92372237884621
60.31,60.45400837519444
60.75,61.05084996818767
58.33,59.568595361860666
60.92,60.6928209334989
