y_test,y_pred
59.3,60.32155111035111
71.1,69.52920758562814
63.69,64.49182893369839
76.12,72.78522478011023
77.14,72.46093905348368
80.53,76.77468252124902
57.22,59.583556823523224
60.39,62.033429824097865
53.94,57.31694134727969
45.59,51.68489660564211
57.76,57.93438678350327
60.57,60.65883897285732
64.94,64.9795723809228
62.38,62.19289625022342
55.54,57.080322393482405
49.8,58.19576375713916
65.98,65.41401135296161
63.54,62.49232996470568
56.04,57.72501267570074
62.24,61.75632714077819
